source_id,figure_used,value,citation,url,notes
S1,National tomato PHL rate,45%,"Babadara/Cornell CALS (2023), citing Nigerian tomato value chain data",https://cals.cornell.edu/news/2023/06/bending-curve-of-tomato-loss-can-help-nigerian-farmers-reduce-poverty,"This is the headline figure the whole model is built around: Nigerian farmers lose over 45% of what they harvest, against a national supply deficit of around 500,000 tonnes a year on 2.3 million tonnes of demand."
S2,Corroborating PHL range,30-50%,"Affognon et al. via SSA packaging review, PMC8997940",https://pmc.ncbi.nlm.nih.gov/articles/PMC8997940/,"A broader Sub-Saharan Africa study on fruit and vegetable packaging. I used its 30 to 50% range for tomatoes as a sanity check against S1, rather than as a separate input."
S3,Stage share of total loss,"Production 38% / Postharvest handling 34% / Remainder (transport+market+retail) 28%","Scientific Reports / Nature (2025), Adoption of postharvest innovations to minimize tomato losses in Nigeria",https://www.nature.com/articles/s41598-025-15618-0,"This is the study that lets me split the S1 total loss rate across supply-chain stages, which is the backbone of the whole stage-by-stage breakdown."
S4,Wholesale-stage loss rate,23.3%,"On the Potential of Packaging for Reducing F&V Losses in SSA, PMC8997940 (citing study 19)",https://pmc.ncbi.nlm.nih.gov/articles/PMC8997940/,"Used to sanity-check the wholesale figure derived from S3. About 23% of this loss is attributed to mechanical damage from poor packaging, which is worth knowing if you're thinking about interventions."
S5,Retail-stage loss rate,"20% (SD 10%)","Same source as S4",https://pmc.ncbi.nlm.nih.gov/articles/PMC8997940/,"Used the same way as S4, but to sanity-check the retail figure instead of wholesale."
S6,National annual production & demand,"~2.3M MT produced; ~2.3M MT demand; ~500000 MT deficit","Cornell CALS (2023) / The Whistler (2026)",https://cals.cornell.edu/news/2023/06/bending-curve-of-tomato-loss-can-help-nigerian-farmers-reduce-poverty,"Nigeria is Africa's second-largest tomato producer and supplies roughly 65% of West Africa's tomatoes, which is part of why this crop is such a widely used case study for post-harvest loss."
S7,Major producing states,"Kano; Kaduna; Katsina; Jigawa; Plateau; Benue; Gombe; Bauchi","IntechOpen (2025) Tomato Crop Improvement in Nigeria; The Whistler (2026)",https://www.intechopen.com/chapters/1214132,"These states make up the northern dry-season irrigation belt that anchors national supply, with Kano, Kaduna, and Katsina doing most of the heavy lifting."
S8,Cold-chain / storage intervention effect,up to 30% loss reduction,"Ohagwu et al. (2021), charcoal cooler storage bins, cited in Asom Tingir Ijirshar Benue State study",https://bsum.edu.ng/journals/jesr/ProfOko/files/4.pdf,"This is the number the cold-chain 'what if' scenario in this model is built on. It's a real, already-tested intervention rather than a hypothetical technology."
S9,RPC (reusable plastic crate) adoption rates,"17% at harvest; 12.6% during transport; 4.4% in long-distance trade","Nature Scientific Reports (2025)",https://www.nature.com/articles/s41598-025-15618-0,"Adoption of basic protective packaging like reusable plastic crates is still low, which helps explain why mechanical-damage losses persist through the chain."
S10,State-level tomato prices (reference anchors),"Kano ~N422.7/kg (Jan 2024); Delta ~N1474.79/kg (Jan 2024); Abuja ~N3992.61/kg (Jun 2024); Kebbi ~N1200/kg (Jun 2024); National avg ~N2302.26/kg (Jun 2024)","NBS Selected Food Price Watch, Jan 2024 & Jun 2024",https://www.nigerianstat.gov.ng/pdfuploads/Selected_Food_Report_June_2024.pdf,"Tomato prices in Nigeria moved by more than 300% year on year through 2024 because of naira inflation and seasonality, so treat these as a single point-in-time reference rather than a stable baseline."
S11,Regional loss/spoilage benchmark,Tomato highest spoilage among surveyed crops at 48.33%,"Wemembu, Exploring Nigerian Post-Harvest Losses (Medium, 2025), citing NAERLS/FMARD-style survey",https://medium.com/@graceogo/exploring-nigerian-post-harvest-losses-a1eef8c4307f,"A secondary, non-peer-reviewed source, so I didn't use it directly in any calculation. It's here as extra context in the README: tomato had the worst spoilage rate of any crop surveyed."
S12,2025 national average tomato price (used to update the whole price table),"April N1283.57/kg; September N1279.84/kg; October N1269.17/kg; November N1243.02/kg; average across these four N1268.90/kg","NBS Selected Food Price Watch, various 2025 reports as covered by Nairametrics, Naija247news, Daily Nigerian, and TV360 Nigeria",https://nairametrics.com/2025/12/12/nbs-rice-beans-garri-and-tomato-prices-fall-nationwide-in-october-2025/,"I only found four months of 2025 data rather than a full twelve, so this average is built from what's actually available, not a complete year. It's still a much better reference than the single June 2024 figure the model used before, since 2025 prices were both lower and far more stable month to month."
