state,role,price_naira_per_kg,price_type,reference_period,basis
Kano,origin_producer,523.64,farmgate_estimated,2025 average,"Scaled down from the 2024 figure using the ratio between the 2025 national average (N1268.90) and the 2024 reference the model used to use (N2302.26). The original 2024 figure was itself anchored to Kano's real January 2024 price of N422.7/kg (S10), so this stays connected to a real number, just updated to reflect where prices actually landed in 2025."
Kaduna,origin_producer,551.20,farmgate_estimated,2025 average,"Scaled the same way as Kano, since Kaduna sits in the same producer belt and was assumed to price similarly (S10, S12)."
Katsina,origin_producer,551.20,farmgate_estimated,2025 average,"Scaled the same way as Kaduna (S10, S12)."
Jigawa,origin_producer,523.64,farmgate_estimated,2025 average,"Scaled the same way as Kano (S10, S12)."
Plateau,origin_producer,633.88,farmgate_estimated,2025 average,"Scaled down from the 2024 estimate, which was already set slightly above the core belt due to distance from major consumption hubs (S10, S12)."
Benue,origin_producer,606.32,farmgate_estimated,2025 average,"Scaled the same way as Plateau (S10, S12)."
Gombe,origin_producer,633.88,farmgate_estimated,2025 average,"Scaled the same way as Plateau (S10, S12)."
Bauchi,origin_producer,633.88,farmgate_estimated,2025 average,"Scaled the same way as Gombe (S10, S12)."
Other_states,origin_producer,606.32,farmgate_estimated,2025 average,"A blended estimate across smaller producing states, scaled down the same way as the rest of the table (S12)."
Lagos,destination_market,1984.32,retail_estimated,2025 average,"Scaled down from the 2024 estimate, which assumed a price close to Abuja's given both are major deficit markets far from the producer belt (S10, S12)."
Abuja_FCT,destination_market,2200.73,retail_estimated,2025 average,"I don't have a 2025 NBS figure specifically for Abuja, so this is the 2024 actual figure (N3992.61, S10) scaled down by the same ratio applied everywhere else in this table. It's no longer a confirmed actual for this year, just the best estimate I can build from what's available."
Oyo_Ibadan,destination_market,1322.88,retail_estimated,2025 average,"Scaled down from the 2024 estimate, which assumed a price closer to the national average since Ibadan sits nearer the producer belt than Lagos (S10, S12)."
National_average,reference,1268.90,actual,2025 average (Apr/Sep/Oct/Nov),"Real NBS figure, averaged across the four months of 2025 data I could find (S12). This replaces the old reference point, which was a single month (June 2024) that happened to be the highest point of that year, not a representative one."
