state,region,annual_production_tonnes,stage,stage_order,loss_pct_of_original_volume,tonnes_lost_baseline,naira_lost_baseline,cold_chain_applied,tonnes_lost_with_coldchain,naira_lost_with_coldchain,tonnes_saved_by_coldchain,naira_saved_by_coldchain,value_price_naira_per_kg_used
Kano,North-West,506000,Farm / Harvest,1,17.1,86526.0,45308474640.0,False,86526.0,45308474640.0,0.0,0.0,523.64
Kano,North-West,506000,"Postharvest handling (on-farm sorting, packing, initial storage)",2,15.3,77418.0,98235700200.0,True,54192.6,68764990140.0,23225.4,29470710060.0,1268.9
Kano,North-West,506000,Transport,3,6.3,31878.0,40449994200.0,True,22314.6,28314995940.0,9563.4,12134998260.0,1268.9
Kano,North-West,506000,Wholesale market,4,3.6,18216.0,23114282400.0,True,12751.2,16179997680.0,5464.8,6934284720.0,1268.9
Kano,North-West,506000,Retail,5,2.7,13662.0,17335711800.0,True,9563.4,12134998260.0,4098.6,5200713540.0,1268.9
Kaduna,North-West,460000,Farm / Harvest,1,17.1,78660.0,43357392000.0,False,78660.0,43357392000.0,0.0,0.0,551.2
Kaduna,North-West,460000,"Postharvest handling (on-farm sorting, packing, initial storage)",2,15.3,70380.0,89305182000.0,True,49266.0,62513627400.0,21114.0,26791554600.0,1268.9
Kaduna,North-West,460000,Transport,3,6.3,28980.0,36772722000.0,True,20286.0,25740905400.0,8694.0,11031816600.0,1268.9
Kaduna,North-West,460000,Wholesale market,4,3.6,16560.0,21012984000.0,True,11592.0,14709088800.0,4968.0,6303895200.0,1268.9
Kaduna,North-West,460000,Retail,5,2.7,12420.0,15759738000.0,True,8694.0,11031816600.0,3726.0,4727921400.0,1268.9
Katsina,North-West,345000,Farm / Harvest,1,17.1,58995.0,32518044000.0,False,58995.0,32518044000.0,0.0,0.0,551.2
Katsina,North-West,345000,"Postharvest handling (on-farm sorting, packing, initial storage)",2,15.3,52785.0,66978886500.0,True,36949.5,46885220550.0,15835.5,20093665950.0,1268.9
Katsina,North-West,345000,Transport,3,6.3,21735.0,27579541500.0,True,15214.5,19305679050.0,6520.5,8273862450.0,1268.9
Katsina,North-West,345000,Wholesale market,4,3.6,12420.0,15759738000.0,True,8694.0,11031816600.0,3726.0,4727921400.0,1268.9
Katsina,North-West,345000,Retail,5,2.7,9315.0,11819803500.0,True,6520.5,8273862450.0,2794.5,3545941050.0,1268.9
Jigawa,North-West,230000,Farm / Harvest,1,17.1,39330.0,20594761200.0,False,39330.0,20594761200.0,0.0,0.0,523.64
Jigawa,North-West,230000,"Postharvest handling (on-farm sorting, packing, initial storage)",2,15.3,35190.0,44652591000.0,True,24633.0,31256813700.0,10557.0,13395777300.0,1268.9
Jigawa,North-West,230000,Transport,3,6.3,14490.0,18386361000.0,True,10143.0,12870452700.0,4347.0,5515908300.0,1268.9
Jigawa,North-West,230000,Wholesale market,4,3.6,8280.0,10506492000.0,True,5796.0,7354544400.0,2484.0,3151947600.0,1268.9
Jigawa,North-West,230000,Retail,5,2.7,6210.0,7879869000.0,True,4347.0,5515908300.0,1863.0,2363960700.0,1268.9
Plateau,North-Central,184000,Farm / Harvest,1,17.1,31464.0,19944400320.0,False,31464.0,19944400320.0,0.0,0.0,633.88
Plateau,North-Central,184000,"Postharvest handling (on-farm sorting, packing, initial storage)",2,15.3,28152.0,35722072800.0,True,19706.4,25005450960.0,8445.6,10716621840.0,1268.9
Plateau,North-Central,184000,Transport,3,6.3,11592.0,14709088800.0,True,8114.4,10296362160.0,3477.6,4412726640.0,1268.9
Plateau,North-Central,184000,Wholesale market,4,3.6,6624.0,8405193600.0,True,4636.8,5883635520.0,1987.2,2521558080.0,1268.9
Plateau,North-Central,184000,Retail,5,2.7,4968.0,6303895200.0,True,3477.6,4412726640.0,1490.4,1891168560.0,1268.9
Benue,North-Central,184000,Farm / Harvest,1,17.1,31464.0,19077252480.0,False,31464.0,19077252480.0,0.0,0.0,606.32
Benue,North-Central,184000,"Postharvest handling (on-farm sorting, packing, initial storage)",2,15.3,28152.0,35722072800.0,True,19706.4,25005450960.0,8445.6,10716621840.0,1268.9
Benue,North-Central,184000,Transport,3,6.3,11592.0,14709088800.0,True,8114.4,10296362160.0,3477.6,4412726640.0,1268.9
Benue,North-Central,184000,Wholesale market,4,3.6,6624.0,8405193600.0,True,4636.8,5883635520.0,1987.2,2521558080.0,1268.9
Benue,North-Central,184000,Retail,5,2.7,4968.0,6303895200.0,True,3477.6,4412726640.0,1490.4,1891168560.0,1268.9
Gombe,North-East,138000,Farm / Harvest,1,17.1,23598.0,14958300240.0,False,23598.0,14958300240.0,0.0,0.0,633.88
Gombe,North-East,138000,"Postharvest handling (on-farm sorting, packing, initial storage)",2,15.3,21114.0,26791554600.0,True,14779.8,18754088220.0,6334.2,8037466380.0,1268.9
Gombe,North-East,138000,Transport,3,6.3,8694.0,11031816600.0,True,6085.8,7722271620.0,2608.2,3309544980.0,1268.9
Gombe,North-East,138000,Wholesale market,4,3.6,4968.0,6303895200.0,True,3477.6,4412726640.0,1490.4,1891168560.0,1268.9
Gombe,North-East,138000,Retail,5,2.7,3726.0,4727921400.0,True,2608.2,3309544980.0,1117.8,1418376420.0,1268.9
Bauchi,North-East,138000,Farm / Harvest,1,17.1,23598.0,14958300240.0,False,23598.0,14958300240.0,0.0,0.0,633.88
Bauchi,North-East,138000,"Postharvest handling (on-farm sorting, packing, initial storage)",2,15.3,21114.0,26791554600.0,True,14779.8,18754088220.0,6334.2,8037466380.0,1268.9
Bauchi,North-East,138000,Transport,3,6.3,8694.0,11031816600.0,True,6085.8,7722271620.0,2608.2,3309544980.0,1268.9
Bauchi,North-East,138000,Wholesale market,4,3.6,4968.0,6303895200.0,True,3477.6,4412726640.0,1490.4,1891168560.0,1268.9
Bauchi,North-East,138000,Retail,5,2.7,3726.0,4727921400.0,True,2608.2,3309544980.0,1117.8,1418376420.0,1268.9
Other_states,Various,115000,Farm / Harvest,1,17.1,19665.0,11923282800.0,False,19665.0,11923282800.0,0.0,0.0,606.32
Other_states,Various,115000,"Postharvest handling (on-farm sorting, packing, initial storage)",2,15.3,17595.0,22326295500.0,True,12316.5,15628406850.0,5278.5,6697888650.0,1268.9
Other_states,Various,115000,Transport,3,6.3,7245.0,9193180500.0,True,5071.5,6435226350.0,2173.5,2757954150.0,1268.9
Other_states,Various,115000,Wholesale market,4,3.6,4140.0,5253246000.0,True,2898.0,3677272200.0,1242.0,1575973800.0,1268.9
Other_states,Various,115000,Retail,5,2.7,3105.0,3939934500.0,True,2173.5,2757954150.0,931.5,1181980350.0,1268.9
